N,I,inner_radius,outer_radius,coil_x,coil_y,coil_z,normal_x,normal_y,normal_z
477,1000.0,27.080000000000002,28.080000000000002,-12.64,0.22799999999999998,0,0,1,0
477,1000.0,27.080000000000002,28.080000000000002,-12.64,0.38,0,0,1,0
477,1000.0,27.080000000000002,28.080000000000002,-12.64,-0.22799999999999998,0,0,1,0
477,1000.0,27.080000000000002,28.080000000000002,-12.64,-0.38,0,0,1,0
477,1000.0,13.15,13.65,-12.64,1.51,0,0,1,0
477,1000.0,13.15,13.65,-12.64,-1.51,0,0,1,0
